Store Location,State,Store ID,Territory Manager,Region,Region Director
Aurora,Colorado,701,Jim Heck,West,Cassie Chambers
Berthoud,Colorado,702,Jim Heck,West,Cassie Chambers
Boulder,Colorado,703,Jim Heck,West,Cassie Chambers
Castle Rock,Colorado,704,Jim Heck,West,Cassie Chambers
Denver,Colorado,705,Jim Heck,West,Cassie Chambers
Englewood,Colorado,706,Jim Heck,West,Cassie Chambers
Fort Collins,Colorado,707,Jim Heck,West,Cassie Chambers
Grand Junction,Colorado,708,Jim Heck,West,Cassie Chambers
Greeley,Colorado,709,Jim Heck,West,Cassie Chambers
Lafayette,Colorado,710,Jim Heck,West,Cassie Chambers
Littleton,Colorado,711,Jim Heck,West,Cassie Chambers
Loveland,Colorado,712,Jim Heck,West,Cassie Chambers
Milliken,Colorado,713,Jim Heck,West,Cassie Chambers
New Castle,Colorado,714,Jim Heck,West,Cassie Chambers
Parker,Colorado,715,Jim Heck,West,Cassie Chambers
Sedalia,Colorado,716,Jim Heck,West,Cassie Chambers
Thornton,Colorado,717,Jim Heck,West,Cassie Chambers
Wheat Ridge,Colorado,718,Jim Heck,West,Cassie Chambers
Bridgeport,Connecticut,865,Ellen Lemon,East,Ana Jilani
Darien,Connecticut,866,Ellen Lemon,East,Ana Jilani
Hartford,Connecticut,867,Ellen Lemon,East,Ana Jilani
Litchfield County,Connecticut,868,Ellen Lemon,East,Ana Jilani
New Haven,Connecticut,869,Ellen Lemon,East,Ana Jilani
New London,Connecticut,870,Ellen Lemon,East,Ana Jilani
Old Saybrook,Connecticut,871,Ellen Lemon,East,Ana Jilani
Waterbury,Connecticut,872,Ellen Lemon,East,Ana Jilani
Cape Canaveral,Florida,719,Lana Ilana,South,Andy Gisselquist
Fort Lauderdale,Florida,720,Lana Ilana,South,Andy Gisselquist
Jacksonville,Florida,721,Lana Ilana,South,Andy Gisselquist
Key West,Florida,722,Lana Ilana,South,Andy Gisselquist
Lakeland,Florida,723,Lana Ilana,South,Andy Gisselquist
Miami,Florida,724,Lana Ilana,South,Andy Gisselquist
Naples,Florida,725,Lana Ilana,South,Andy Gisselquist
Orlando,Florida,726,Lana Ilana,South,Andy Gisselquist
Sebring,Florida,727,Lana Ilana,South,Andy Gisselquist
Tallahassee,Florida,728,Lana Ilana,South,Andy Gisselquist
Tampa,Florida,729,Lana Ilana,South,Andy Gisselquist
Bangor,Maine,818,Erbayne Middleton,Northeast,Michael Jarvis
Bar Harbor,Maine,819,Erbayne Middleton,Northeast,Michael Jarvis
Kennebunkport,Maine,820,Erbayne Middleton,Northeast,Michael Jarvis
Lewiston,Maine,821,Erbayne Middleton,Northeast,Michael Jarvis
Orono,Maine,822,Erbayne Middleton,Northeast,Michael Jarvis
South Portland,Maine,823,Erbayne Middleton,Northeast,Michael Jarvis
Annapolis,Maryland,731,Shruti Reddy,Northeast,Michael Jarvis
Back River,Maryland,732,Shruti Reddy,Northeast,Michael Jarvis
Baltimore,Maryland,733,Shruti Reddy,Northeast,Michael Jarvis
Germantown,Maryland,734,Shruti Reddy,Northeast,Michael Jarvis
Howard,Maryland,735,Shruti Reddy,Northeast,Michael Jarvis
North Harford,Maryland,736,Shruti Reddy,Northeast,Michael Jarvis
Parkville,Maryland,737,Shruti Reddy,Northeast,Michael Jarvis
Queen Anne's County,Maryland,738,Shruti Reddy,Northeast,Michael Jarvis
Ridgely,Maryland,739,Shruti Reddy,Northeast,Michael Jarvis
Boston,Massachusetts,730,Bo Heap,Northeast,Michael Jarvis
Attleboro,Massachusetts,801,Bo Heap,Northeast,Michael Jarvis
Falmouth,Massachusetts,802,Bo Heap,Northeast,Michael Jarvis
Framingham,Massachusetts,803,Bo Heap,Northeast,Michael Jarvis
Haverhill,Massachusetts,804,Bo Heap,Northeast,Michael Jarvis
Hingham,Massachusetts,805,Bo Heap,Northeast,Michael Jarvis
Holyoke,Massachusetts,806,Bo Heap,Northeast,Michael Jarvis
Leominster,Massachusetts,807,Bo Heap,Northeast,Michael Jarvis
Lowell,Massachusetts,808,Bo Heap,Northeast,Michael Jarvis
Lynn,Massachusetts,809,Bo Heap,Northeast,Michael Jarvis
Nantucket,Massachusetts,810,Bo Heap,Northeast,Michael Jarvis
New Bedford,Massachusetts,811,Bo Heap,Northeast,Michael Jarvis
Northampton,Massachusetts,812,Bo Heap,Northeast,Michael Jarvis
Pittsfield,Massachusetts,813,Bo Heap,Northeast,Michael Jarvis
Provincetown,Massachusetts,814,Bo Heap,Northeast,Michael Jarvis
Quincy,Massachusetts,815,Bo Heap,Northeast,Michael Jarvis
Somerville,Massachusetts,816,Bo Heap,Northeast,Michael Jarvis
Worcester,Massachusetts,817,Bo Heap,Northeast,Michael Jarvis
Atlantic City,New Jersey,824,Miami Vue,Northeast,Michael Jarvis
Bayonne,New Jersey,825,Miami Vue,Northeast,Michael Jarvis
Cape May,New Jersey,826,Miami Vue,Northeast,Michael Jarvis
Clifton,New Jersey,827,Miami Vue,Northeast,Michael Jarvis
East Orange,New Jersey,828,Miami Vue,Northeast,Michael Jarvis
Hackensack,New Jersey,829,Miami Vue,Northeast,Michael Jarvis
Hoboken,New Jersey,830,Miami Vue,Northeast,Michael Jarvis
Jersey City,New Jersey,831,Miami Vue,Northeast,Michael Jarvis
Montclair,New Jersey,832,Miami Vue,Northeast,Michael Jarvis
Morristown,New Jersey,833,Miami Vue,Northeast,Michael Jarvis
New Brunswick,New Jersey,834,Miami Vue,Northeast,Michael Jarvis
Newark,New Jersey,835,Miami Vue,Northeast,Michael Jarvis
Passaic,New Jersey,836,Miami Vue,Northeast,Michael Jarvis
Paterson,New Jersey,837,Miami Vue,Northeast,Michael Jarvis
Trenton,New Jersey,838,Miami Vue,Northeast,Michael Jarvis
Vineland,New Jersey,839,Miami Vue,Northeast,Michael Jarvis
Albany,New York,840,See Ellefson,East,Ana Jilani
Buffalo,New York,841,See Ellefson,East,Ana Jilani
Elmira,New York,842,See Ellefson,East,Ana Jilani
Ithaca,New York,843,See Ellefson,East,Ana Jilani
Oswego,New York,844,See Ellefson,East,Ana Jilani
Plattsburgh,New York,845,See Ellefson,East,Ana Jilani
Poestenkill,New York,846,See Ellefson,East,Ana Jilani
Rochester,New York,847,See Ellefson,East,Ana Jilani
Syracuse,New York,848,See Ellefson,East,Ana Jilani
Brooklyn,New York,849,See Ellefson,East,Ana Jilani
New York,New York,850,See Ellefson,East,Ana Jilani
Queens,New York,851,See Ellefson,East,Ana Jilani
Charleston,South Carolina,852,Len Jensen,South,Andy Gisselquist
Greenville,South Carolina,853,Len Jensen,South,Andy Gisselquist
Arlington,Texas,901,"Jeff ""Howdy"" Richards",South,Andy Gisselquist
Austin,Texas,902,"Jeff ""Howdy"" Richards",South,Andy Gisselquist
Bacliff,Texas,903,"Jeff ""Howdy"" Richards",South,Andy Gisselquist
Baytown,Texas,904,"Jeff ""Howdy"" Richards",South,Andy Gisselquist
Beaumont,Texas,905,"Jeff ""Howdy"" Richards",South,Andy Gisselquist
Cedar Park,Texas,906,"Jeff ""Howdy"" Richards",South,Andy Gisselquist
Dallas,Texas,907,"Jeff ""Howdy"" Richards",South,Andy Gisselquist
Denton,Texas,908,"Jeff ""Howdy"" Richards",South,Andy Gisselquist
Desoto,Texas,909,"Jeff ""Howdy"" Richards",South,Andy Gisselquist
Fort Worth,Texas,910,"Jeff ""Howdy"" Richards",South,Andy Gisselquist
Georgetown,Texas,911,"Jeff ""Howdy"" Richards",South,Andy Gisselquist
